,precision,recall,f1-score,support
healthy,0.9715061058344641,0.8710462287104623,0.9185375240538807,822.0
watchlist,0.638235294117647,0.8066914498141264,0.7126436781609196,269.0
at risk,0.8128654970760234,0.8853503184713376,0.8475609756097561,157.0
accuracy,0.8589743589743589,0.8589743589743589,0.8589743589743589,0.8589743589743589
macro avg,0.8075356323427115,0.8543626656653087,0.8262473926081855,1248.0
weighted avg,0.8797140994827822,0.8589743589743589,0.8652292206476835,1248.0
